ID,Name,PhotoUrl
709352627 	Celina Lambert      	https://randomuser.me/api/portraits/women/27.jpg
677971733 	Chester Obrien      	https://randomuser.me/api/portraits/men/6.jpg
526594791 	Guy White           	https://randomuser.me/api/portraits/men/84.jpg
718389927 	Clayton Elliott     	https://randomuser.me/api/portraits/men/17.jpg
525016214 	Luis Arnold         	https://randomuser.me/api/portraits/men/26.jpg
269645409 	Marion Rice         	https://randomuser.me/api/portraits/women/46.jpg
518717782 	Tim Hamilton        	https://randomuser.me/api/portraits/men/70.jpg
16213826  	Wilma Steward       	https://randomuser.me/api/portraits/women/37.jpg
410717537 	Billy Bryant        	https://randomuser.me/api/portraits/men/13.jpg
599601606 	Wade Willis         	https://randomuser.me/api/portraits/men/96.jpg
